Dataset,Regularizer,C,PR_AUC_mean,PR_AUC_std
UCI_EEG,L1 (Lasso),0.0001,0.2,0.0
UCI_EEG,L1 (Lasso),0.00026366508987303583,0.2,0.0
UCI_EEG,L1 (Lasso),0.0006951927961775605,0.2,0.0
UCI_EEG,L1 (Lasso),0.0018329807108324356,0.2,0.0
UCI_EEG,L1 (Lasso),0.004832930238571752,0.482746504655127,0.03452156273390862
UCI_EEG,L1 (Lasso),0.012742749857031334,0.4907483956228133,0.02764767009879978
UCI_EEG,L1 (Lasso),0.03359818286283781,0.48870695835248357,0.03024209766466575
UCI_EEG,L1 (Lasso),0.08858667904100823,0.4889210573020352,0.025748146556902596
UCI_EEG,L1 (Lasso),0.23357214690901212,0.4886338808975655,0.022763439870551173
UCI_EEG,L1 (Lasso),0.615848211066026,0.48615681913801306,0.02433444116386102
UCI_EEG,L1 (Lasso),1.623776739188721,0.4844470516272124,0.024741983977993934
UCI_EEG,L1 (Lasso),4.281332398719396,0.4836416894307334,0.024509555099210215
UCI_EEG,L1 (Lasso),11.288378916846883,0.4834497630436358,0.024461240409073885
UCI_EEG,L1 (Lasso),29.763514416313132,0.4833547373038381,0.024472536779935886
UCI_EEG,L1 (Lasso),78.47599703514607,0.4833263346999674,0.024459910606021706
UCI_EEG,L1 (Lasso),206.913808111479,0.4833089197063153,0.024465633728732297
UCI_EEG,L1 (Lasso),545.5594781168514,0.48330993022851904,0.024474647240128024
UCI_EEG,L1 (Lasso),1438.44988828766,0.4833052120171348,0.024470722753591762
UCI_EEG,L1 (Lasso),3792.690190732246,0.48329960332429334,0.02446816102623193
UCI_EEG,L1 (Lasso),10000.0,0.48330004269344345,0.024467441062540108
UCI_EEG,L2 (Ridge),0.0001,0.48914057634558006,0.030874503195523748
UCI_EEG,L2 (Ridge),0.00026366508987303583,0.49008255014782465,0.029568744811995055
UCI_EEG,L2 (Ridge),0.0006951927961775605,0.48993149614177317,0.03047612890582398
UCI_EEG,L2 (Ridge),0.0018329807108324356,0.48913582608750544,0.03086746354682665
UCI_EEG,L2 (Ridge),0.004832930238571752,0.48837216527528504,0.028218730504764106
UCI_EEG,L2 (Ridge),0.012742749857031334,0.4886532243912149,0.024207843856018846
UCI_EEG,L2 (Ridge),0.03359818286283781,0.48866048336811724,0.023242033278411706
UCI_EEG,L2 (Ridge),0.08858667904100823,0.48708300038778535,0.02368580468726745
UCI_EEG,L2 (Ridge),0.23357214690901212,0.48521884087675904,0.02373753857525222
UCI_EEG,L2 (Ridge),0.615848211066026,0.4841525045603863,0.024056793806663954
UCI_EEG,L2 (Ridge),1.623776739188721,0.4835422485081987,0.02422214226009889
UCI_EEG,L2 (Ridge),4.281332398719396,0.483328820539956,0.02427234536434098
UCI_EEG,L2 (Ridge),11.288378916846883,0.48327626303291094,0.02421221818493976
UCI_EEG,L2 (Ridge),29.763514416313132,0.4832180466707632,0.024224273028300335
UCI_EEG,L2 (Ridge),78.47599703514607,0.48317399617233486,0.024223793976021073
UCI_EEG,L2 (Ridge),206.913808111479,0.48317920304394135,0.024221785705791817
UCI_EEG,L2 (Ridge),545.5594781168514,0.4831853668011606,0.024218843748811416
UCI_EEG,L2 (Ridge),1438.44988828766,0.48318536558145403,0.02421891592799432
UCI_EEG,L2 (Ridge),3792.690190732246,0.4831861555103689,0.024218169436315717
UCI_EEG,L2 (Ridge),10000.0,0.48318506749149776,0.02421862102831178
UCI_EEG,Elastic Net,0.0001,0.2,0.0
UCI_EEG,Elastic Net,0.00026366508987303583,0.2,0.0
UCI_EEG,Elastic Net,0.0006951927961775605,0.2,0.0
UCI_EEG,Elastic Net,0.0018329807108324356,0.48176682286152106,0.027462774505611433
UCI_EEG,Elastic Net,0.004832930238571752,0.4889108845274908,0.02610964242705062
UCI_EEG,Elastic Net,0.012742749857031334,0.49003860734596233,0.0309339546474327
UCI_EEG,Elastic Net,0.03359818286283781,0.4886593450985431,0.027347464885644792
UCI_EEG,Elastic Net,0.08858667904100823,0.4887872841366637,0.023455818538776586
UCI_EEG,Elastic Net,0.23357214690901212,0.48757308148803435,0.023503334127447484
UCI_EEG,Elastic Net,0.615848211066026,0.4852418819115033,0.024673462376367934
UCI_EEG,Elastic Net,1.623776739188721,0.4840309360408438,0.024453696343479915
UCI_EEG,Elastic Net,4.281332398719396,0.483557034004692,0.0244584968465867
UCI_EEG,Elastic Net,11.288378916846883,0.48340990512906945,0.02444742278802737
UCI_EEG,Elastic Net,29.763514416313132,0.48336189682647046,0.024439735073694818
UCI_EEG,Elastic Net,78.47599703514607,0.4833512452317752,0.02444630199864548
UCI_EEG,Elastic Net,206.913808111479,0.48333889574685446,0.024458286226979244
UCI_EEG,Elastic Net,545.5594781168514,0.4833303863714599,0.024457553781635187
UCI_EEG,Elastic Net,1438.44988828766,0.4833283684479216,0.024461152530528392
UCI_EEG,Elastic Net,3792.690190732246,0.48332722327651734,0.024461277594372423
UCI_EEG,Elastic Net,10000.0,0.483330726414448,0.024459382468340517
BEED,L1 (Lasso),0.0001,0.75,0.0
BEED,L1 (Lasso),0.00026366508987303583,0.75,0.0
BEED,L1 (Lasso),0.0006951927961775605,0.75,0.0
BEED,L1 (Lasso),0.0018329807108324356,0.7356608873080723,0.01462847046758012
BEED,L1 (Lasso),0.004832930238571752,0.7385150572173057,0.012966471537579937
BEED,L1 (Lasso),0.012742749857031334,0.7403534652977377,0.012349033033753095
BEED,L1 (Lasso),0.03359818286283781,0.7493818241019073,0.014799477830918837
BEED,L1 (Lasso),0.08858667904100823,0.759073483286213,0.016239896558692152
BEED,L1 (Lasso),0.23357214690901212,0.7631375094072622,0.016575302815617587
BEED,L1 (Lasso),0.615848211066026,0.7645860335688586,0.01666449986976198
BEED,L1 (Lasso),1.623776739188721,0.7651364484274418,0.01667486031337498
BEED,L1 (Lasso),4.281332398719396,0.7654278222194792,0.016693131765014746
BEED,L1 (Lasso),11.288378916846883,0.7655343395544867,0.016709681887431698
BEED,L1 (Lasso),29.763514416313132,0.7655621631226743,0.01671034326896781
BEED,L1 (Lasso),78.47599703514607,0.7655791492642401,0.01671133709556404
BEED,L1 (Lasso),206.913808111479,0.7655882900114775,0.016708566472497237
BEED,L1 (Lasso),545.5594781168514,0.7655886642320355,0.0167089602835452
BEED,L1 (Lasso),1438.44988828766,0.7655883810683306,0.016708850273694145
BEED,L1 (Lasso),3792.690190732246,0.7655886178864866,0.016708528307980534
BEED,L1 (Lasso),10000.0,0.7655887571305054,0.0167085083938125
BEED,L2 (Ridge),0.0001,0.7347741952939182,0.012157100850653581
BEED,L2 (Ridge),0.00026366508987303583,0.7372192856123589,0.012627471354664157
BEED,L2 (Ridge),0.0006951927961775605,0.7418706008095077,0.013307087075634643
BEED,L2 (Ridge),0.0018329807108324356,0.7487873833421336,0.014660959412761654
BEED,L2 (Ridge),0.004832930238571752,0.7559696272436538,0.01579454935034369
BEED,L2 (Ridge),0.012742749857031334,0.7609681918758581,0.01633868630608997
BEED,L2 (Ridge),0.03359818286283781,0.7635567319253175,0.016577334164125674
BEED,L2 (Ridge),0.08858667904100823,0.7647125473156234,0.016677644476676176
BEED,L2 (Ridge),0.23357214690901212,0.7652212909543414,0.01667092681773388
BEED,L2 (Ridge),0.615848211066026,0.7654174602052279,0.01672254886138466
BEED,L2 (Ridge),1.623776739188721,0.7655197327220084,0.016736595538215927
BEED,L2 (Ridge),4.281332398719396,0.7655627295718962,0.016733410509009786
BEED,L2 (Ridge),11.288378916846883,0.7655625752268641,0.01672743577493516
BEED,L2 (Ridge),29.763514416313132,0.7655688175550921,0.016732981937719618
BEED,L2 (Ridge),78.47599703514607,0.7655675232489215,0.01673023287169883
BEED,L2 (Ridge),206.913808111479,0.7655699281796784,0.01673174126407695
BEED,L2 (Ridge),545.5594781168514,0.7655715939455741,0.01673235810716502
BEED,L2 (Ridge),1438.44988828766,0.7655726898157027,0.016733309504680265
BEED,L2 (Ridge),3792.690190732246,0.7655727070413835,0.016733318162672844
BEED,L2 (Ridge),10000.0,0.7655725653496112,0.016733246947356933
BEED,Elastic Net,0.0001,0.75,0.0
BEED,Elastic Net,0.00026366508987303583,0.7439702368842294,0.012059526231541095
BEED,Elastic Net,0.0006951927961775605,0.7327609798180047,0.015347697858949702
BEED,Elastic Net,0.0018329807108324356,0.7370302970069915,0.013388043838831737
BEED,Elastic Net,0.004832930238571752,0.7396025339154224,0.012441543971786878
BEED,Elastic Net,0.012742749857031334,0.7444245352788779,0.013706539870565904
BEED,Elastic Net,0.03359818286283781,0.7562648402452464,0.01583080678951895
BEED,Elastic Net,0.08858667904100823,0.7619733407665098,0.016487886283814965
BEED,Elastic Net,0.23357214690901212,0.76413117071724,0.01662898230588632
BEED,Elastic Net,0.615848211066026,0.7649703796467517,0.016652764283042236
BEED,Elastic Net,1.623776739188721,0.7653074251614077,0.01667875700490711
BEED,Elastic Net,4.281332398719396,0.7655015720407722,0.0166990022361673
BEED,Elastic Net,11.288378916846883,0.7655531274265552,0.016711376894205522
BEED,Elastic Net,29.763514416313132,0.7655721762356842,0.016710110796791574
BEED,Elastic Net,78.47599703514607,0.7655867282888018,0.016709908931374303
BEED,Elastic Net,206.913808111479,0.7655869972463982,0.01670940962612814
BEED,Elastic Net,545.5594781168514,0.7655869991902586,0.016709595288949428
BEED,Elastic Net,1438.44988828766,0.7655873026558233,0.016710451041593865
BEED,Elastic Net,3792.690190732246,0.7655873026558233,0.016710451041593865
BEED,Elastic Net,10000.0,0.7655874418998423,0.016710431090701167
Brainwave,L1 (Lasso),0.0001,0.33176875460412747,0.0009900482369189464
Brainwave,L1 (Lasso),0.00026366508987303583,0.33176875460412747,0.0009900482369189464
Brainwave,L1 (Lasso),0.0006951927961775605,0.33176875460412747,0.0009900482369189464
Brainwave,L1 (Lasso),0.0018329807108324356,0.5142861373741187,0.22443516023405305
Brainwave,L1 (Lasso),0.004832930238571752,0.8199654148038773,0.02326800154198915
Brainwave,L1 (Lasso),0.012742749857031334,0.8143132299452803,0.02342037416198128
Brainwave,L1 (Lasso),0.03359818286283781,0.8070783597332595,0.028229463422407987
Brainwave,L1 (Lasso),0.08858667904100823,0.7859330995100283,0.028775916188330586
Brainwave,L1 (Lasso),0.23357214690901212,0.8136876261341905,0.032161554065275676
Brainwave,L1 (Lasso),0.615848211066026,0.8213689911244899,0.028975268412192483
Brainwave,L1 (Lasso),1.623776739188721,0.8323983686251658,0.02241087609273674
Brainwave,L1 (Lasso),4.281332398719396,0.8370298276194144,0.018290085096610658
Brainwave,L1 (Lasso),11.288378916846883,0.8393721660835803,0.016697338049617823
Brainwave,L1 (Lasso),29.763514416313132,0.8397966231292973,0.01610896633469035
Brainwave,L1 (Lasso),78.47599703514607,0.8403749326879627,0.015713240179847064
Brainwave,L1 (Lasso),206.913808111479,0.8401834451127813,0.01588517215348975
Brainwave,L1 (Lasso),545.5594781168514,0.8401070425717219,0.015826577989600608
Brainwave,L1 (Lasso),1438.44988828766,0.8401456492978715,0.01579015003230077
Brainwave,L1 (Lasso),3792.690190732246,0.8401456492978715,0.01579015003230077
Brainwave,L1 (Lasso),10000.0,0.8401456492978715,0.01579015003230077
Brainwave,L2 (Ridge),0.0001,0.8225314806436096,0.030236616964428458
Brainwave,L2 (Ridge),0.00026366508987303583,0.8213767919449116,0.029623817625179658
Brainwave,L2 (Ridge),0.0006951927961775605,0.8198604211728195,0.028613216862811052
Brainwave,L2 (Ridge),0.0018329807108324356,0.8184468648056017,0.027115729404285745
Brainwave,L2 (Ridge),0.004832930238571752,0.8184862869898616,0.02445374673705712
Brainwave,L2 (Ridge),0.012742749857031334,0.8091884727373895,0.024273527477997478
Brainwave,L2 (Ridge),0.03359818286283781,0.7933693160892025,0.03189615919590389
Brainwave,L2 (Ridge),0.08858667904100823,0.7983287227016526,0.03929318397416524
Brainwave,L2 (Ridge),0.23357214690901212,0.8118982933849133,0.037610002446131684
Brainwave,L2 (Ridge),0.615848211066026,0.8222909684430482,0.03352363588616565
Brainwave,L2 (Ridge),1.623776739188721,0.8300698117333349,0.028708457612808363
Brainwave,L2 (Ridge),4.281332398719396,0.836462028430692,0.022419744316631674
Brainwave,L2 (Ridge),11.288378916846883,0.8382586754841931,0.019060282649916205
Brainwave,L2 (Ridge),29.763514416313132,0.839565666788797,0.017954940605996172
Brainwave,L2 (Ridge),78.47599703514607,0.840388113014588,0.016423151399420157
Brainwave,L2 (Ridge),206.913808111479,0.8405500455682491,0.01576573956490307
Brainwave,L2 (Ridge),545.5594781168514,0.8409180914913307,0.015295009825855913
Brainwave,L2 (Ridge),1438.44988828766,0.8408455740633312,0.015000567395610743
Brainwave,L2 (Ridge),3792.690190732246,0.8410984974013445,0.014936843671516726
Brainwave,L2 (Ridge),10000.0,0.8401549540096284,0.016225472023003427
Brainwave,Elastic Net,0.0001,0.33176875460412747,0.0009900482369189464
Brainwave,Elastic Net,0.00026366508987303583,0.33176875460412747,0.0009900482369189464
Brainwave,Elastic Net,0.0006951927961775605,0.6059051268583204,0.22440974997478683
Brainwave,Elastic Net,0.0018329807108324356,0.8200709060916964,0.02918426137173922
Brainwave,Elastic Net,0.004832930238571752,0.8176287718153212,0.0284206830855808
Brainwave,Elastic Net,0.012742749857031334,0.811921746159036,0.027177569646484174
Brainwave,Elastic Net,0.03359818286283781,0.7948767111082358,0.026938135156319435
Brainwave,Elastic Net,0.08858667904100823,0.7939184562432585,0.037936040955225465
Brainwave,Elastic Net,0.23357214690901212,0.8129183049429634,0.035854945740819676
Brainwave,Elastic Net,0.615848211066026,0.8207449666230786,0.029856521679112343
Brainwave,Elastic Net,1.623776739188721,0.8291864296047237,0.029304906444292678
Brainwave,Elastic Net,4.281332398719396,0.8324564548427208,0.02795517859052715
Brainwave,Elastic Net,11.288378916846883,0.8340023228863436,0.027160951764981296
Brainwave,Elastic Net,29.763514416313132,0.8345872135517818,0.02676515686202604
Brainwave,Elastic Net,78.47599703514607,0.8346765723118408,0.02661886093867726
Brainwave,Elastic Net,206.913808111479,0.834882010483472,0.02654254960421356
Brainwave,Elastic Net,545.5594781168514,0.8348839075608037,0.026488238664755394
Brainwave,Elastic Net,1438.44988828766,0.8348991778448311,0.02648427618369453
Brainwave,Elastic Net,3792.690190732246,0.8348991778448311,0.02648427618369453
Brainwave,Elastic Net,10000.0,0.8349126380452934,0.02646227377962623
